{
    "seeds": [
        42,
        43,
        44,
        45,
        46
    ],
    "f1_scores": [
        0.8922651933701657,
        0.8922651933701657,
        0.8922651933701657,
        0.8922651933701657,
        0.8922651933701657
    ],
    "mean_f1": 0.8922651933701659,
    "std_f1": 1.1102230246251565e-16
}