{
    "steps": [
        1,
        100,
        200,
        300,
        400,
        500,
        600,
        700,
        800,
        900,
        1000,
        1100,
        1200,
        1300,
        1400,
        1500,
        1600,
        1700,
        1800,
        1900,
        2000,
        2100,
        2200,
        2300,
        2400,
        2500,
        2600,
        2700,
        2800,
        2900,
        3000,
        3100,
        3200,
        3300,
        3400,
        3500,
        3600,
        3700,
        3800,
        3900,
        4000,
        4100,
        4200,
        4300,
        4400,
        4500,
        4600,
        4700,
        4800,
        4900,
        5000,
        5100,
        5200,
        5300,
        5400,
        5500,
        5600,
        5700,
        5800,
        5900,
        6000,
        6100,
        6200,
        6300,
        6400,
        6500,
        6600,
        6700,
        6800,
        6900,
        7000,
        7100,
        7200,
        7300,
        7400,
        7500,
        7600,
        7700,
        7800,
        7900,
        8000,
        8100,
        8200,
        8300,
        8400,
        8500,
        8600,
        8700,
        8800,
        8900,
        9000,
        9100,
        9200,
        9300,
        9400,
        9500,
        9600,
        9700,
        9800,
        9900,
        10000
    ],
    "train_loss": [
        34.02780246734619,
        12.84195074915886,
        1.6835213392972945,
        1.1382714541256427,
        0.9673118701577187,
        0.8671956185996532,
        0.8260900110006333,
        0.7424537339806556,
        0.7403164711594582,
        0.7023645867407322,
        0.6824985986948013,
        0.6971787221729755,
        0.6437533764541149,
        0.6669190891087056,
        0.6299204856157303,
        0.6351364579796791,
        0.6136541782319546,
        0.6200207880139351,
        0.6152383628487587,
        0.6052633881568908,
        0.6029618730396032,
        0.5974574640393258,
        0.5985294613987208,
        0.5928345388174057,
        0.5894498716294766,
        0.586478431969881,
        0.585131466910243,
        0.58164336360991,
        0.5781060523539782,
        0.5787489951401948,
        0.5748621064424515,
        0.5751053141802549,
        0.5690840110927821,
        0.5722440207004547,
        0.5725207564979792,
        0.5672057178616524,
        0.5632282581925392,
        0.5620504992455244,
        0.5635393448919058,
        0.5596622215956449,
        0.5599064627289772,
        0.5583083296567202,
        0.5579959131777287,
        0.5543117735534906,
        0.552569360807538,
        0.5525483471900224,
        0.553064716309309,
        0.5502515985816717,
        0.5461191262304783,
        0.545356717929244,
        0.5450308604538441,
        0.5468939258903265,
        0.5429426515102387,
        0.541511614099145,
        0.539392218887806,
        0.5390615274757147,
        0.5371995072811842,
        0.5363143440335989,
        0.5347302617132663,
        0.5351094304025173,
        0.529895031824708,
        0.528825116455555,
        0.5315210876613855,
        0.5265296512842178,
        0.5261922703683376,
        0.5272697791457176,
        0.5258222263306379,
        0.5250382369756699,
        0.523348614871502,
        0.5238743221014738,
        0.5205453634262085,
        0.5185927505791187,
        0.5188819251954555,
        0.5183067088574171,
        0.5192320807278157,
        0.5141566245257855,
        0.5156137915700674,
        0.5178939825296403,
        0.5156525381654501,
        0.5137969927489757,
        0.5063201918452979,
        0.5082189974933863,
        0.5074594708532095,
        0.5058572817593813,
        0.503309136852622,
        0.5062165906280279,
        0.5063124916702509,
        0.5078880281001329,
        0.502425319775939,
        0.5019160506874323,
        0.49960436433553695,
        0.5028621559590101,
        0.5064543278515339,
        0.4999806160479784,
        0.5030947533249855,
        0.49893521681427955,
        0.4969246609508991,
        0.49910938397049903,
        0.50214245416224,
        0.500871155783534,
        0.5023832668364048
    ],
    "val_loss": [
        8.429743146896362,
        0.6080046772956849,
        0.31176426261663437,
        0.24970751404762268,
        0.2139292061328888,
        0.1948958419263363,
        0.18450440391898154,
        0.17388017550110818,
        0.1665399566292763,
        0.1620260238647461,
        0.1594882257282734,
        0.15606888756155968,
        0.1538363866508007,
        0.1497708886861801,
        0.1500680774450302,
        0.14725349694490433,
        0.1492714911699295,
        0.14784438610076905,
        0.14626118689775466,
        0.146387530118227,
        0.1445263884961605,
        0.14434269219636917,
        0.14195641353726388,
        0.14187239333987237,
        0.14162159338593483,
        0.14015111327171326,
        0.13930110447108746,
        0.13930268660187722,
        0.13912299573421477,
        0.1385352060198784,
        0.13749732598662376,
        0.13660324774682522,
        0.13656187579035758,
        0.1367862530052662,
        0.13612177558243274,
        0.13651205152273177,
        0.1354872237890959,
        0.13541709072887897,
        0.1351257111877203,
        0.13500902876257898,
        0.1345095716416836,
        0.13389321155846118,
        0.13456744216382505,
        0.13344089575111867,
        0.13253214582800865,
        0.13269250132143498,
        0.13276377655565738,
        0.1318935390561819,
        0.1327558182179928,
        0.1324333857744932,
        0.1312612049281597,
        0.13078355230391026,
        0.13038326799869537,
        0.13054673969745637,
        0.1304680373519659,
        0.13020869493484497,
        0.1296332448720932,
        0.12917294576764107,
        0.12915863022208213,
        0.12878536321222783,
        0.12804253660142423,
        0.1285076104104519,
        0.1278750780969858,
        0.1271775785833597,
        0.1272436872124672,
        0.1268843501806259,
        0.12610067799687386,
        0.12639437876641751,
        0.12618750296533107,
        0.1255108654499054,
        0.1256191935390234,
        0.12511541210114957,
        0.12492123693227768,
        0.12496487274765969,
        0.12473472803831101,
        0.1243214588612318,
        0.12372670508921146,
        0.12367031946778298,
        0.12346479371190071,
        0.12337151169776917,
        0.12328813709318638,
        0.12331007085740567,
        0.1231533121317625,
        0.12294676378369332,
        0.12275631092488766,
        0.12303975448012353,
        0.12295659482479096,
        0.12267219983041286,
        0.12236916199326515,
        0.12249781154096126,
        0.12261027805507183,
        0.12251176051795483,
        0.12249567881226539,
        0.12250980101525784,
        0.12198029085993767,
        0.12195357382297516,
        0.12209858894348144,
        0.1217831913381815,
        0.12194361500442027,
        0.1219212356954813,
        0.12182086408138275
    ],