{
    "val_distribution": {
        "n_samples": 55823,
        "mu": 1.1649649929877783,
        "sigma": 0.03450456934200014
    },
    "gaussian_mu_3sigma": {
        "threshold": 1.2684787010137788,
        "description": "mu + 3*sigma Gaussian tail bound"
    },
    "percentile_95": {
        "threshold": 1.2347784885617175,
        "description": "95th percentile of val perplexities"
    },
    "percentile_99": {
        "threshold": 1.2775874545184878,
        "description": "99th percentile of val perplexities"
    },
    "gumbel_evt": {
        "threshold": 1.320259848153387,
        "description": "Gumbel EVT at 99.9th percentile",
        "loc": 1.1500288279099569,
        "scale": 0.024645248873156642
    }
}